simulation_time,seed,inflow_pass,inflow_exit,total_generated_vehicles,total_departed_vehicles,r_pass_departed_vehicles,r_exit_departed_vehicles,running_vehicles,exited_vehicles,canceled_vehicles,traffic volume,average_travel_time,average_r_pass_travel_time,average_r_exit_travel_time,average_speed,average_r_pass_speed,average_r_exit_speed,fairness_index,min_TTC,TET,total_collisions,total_vehicles_involved,max_tail_position
600,1,2940,1260,700,700,490,210,96,604,0,4200,78.7210264900663,72.5538283062645,94.085549132948,21.4047978165186,22.8871947617499,17.7116586061449,108,0,31.9000000000002,0,0,208.362533869976
600,2,2940,1260,700,700,490,210,88,612,0,4200,80.9895424836601,73.2165898617512,99.9415730337079,20.9513627143034,22.6657245274494,16.7714018889926,90,0,50.4000000000004,0,0,371.241393447345
600,3,2940,1260,700,700,490,210,97,603,0,4200,76.5646766169154,71.5831018518518,89.1497076023392,21.8799889413905,23.1742745361749,18.6102148071985,59,0,46.1000000000004,0,0,0
600,4,2940,1260,700,700,490,210,96,604,0,4200,77.978476821192,72.127400468384,92.0937853107344,21.5551155885251,22.9914124996863,18.0901507237463,96,0,28.7000000000001,0,0,201.185328803134
600,5,2940,1260,700,700,490,210,94,606,0,4200,80.6503300330034,73.5501176470588,97.3220994475138,21.0195816162316,22.6259555055677,17.2477092241442,124,0,30.6000000000002,0,0,242.810388351394
,,,,,,,,,,,,,,,,,,,,,,,
600,3,2940,1260,700,700,490,210,94.2,605.8,0,4200,78.9808104889674,72.6062076270621,94.5185429054486,21.3621693353939,22.8689123661256,17.6862270500453,95.4,0,37.5400000000003,0,0,204.71992889437
