simulation_time,seed,inflow_pass,inflow_exit,total_generated_vehicles,total_departed_vehicles,r_pass_departed_vehicles,r_exit_departed_vehicles,running_vehicles,exited_vehicles,canceled_vehicles,traffic volume,average_travel_time,average_r_pass_travel_time,average_r_exit_travel_time,average_speed,average_r_pass_speed,average_r_exit_speed,fairness_index,min_TTC,TET,total_collisions,total_vehicles_involved,max_tail_position
600,1,2940,1260,700,700,490,210,95,605,0,4200,79.4667768595041,73.39373549884,94.5097701149426,21.186491571776,22.6218282925312,17.6311460163423,84,0,65.1000000000006,0,0,267.022263692386
600,2,2940,1260,700,700,490,210,87,613,0,4200,80.4929853181077,73.059540229885,98.658988764045,21.0594886732965,22.7292958343917,16.9787801616311,117,0,54.8000000000005,0,0,287.315382853219
600,3,2940,1260,700,700,490,210,97,603,0,4200,76.5724709784411,71.5321759259259,89.3058479532164,21.8748962387767,23.1785396272144,18.5814813627234,73,0,19.9,0,0,0
600,4,2940,1260,700,700,490,210,98,602,0,4200,78.7918604651162,72.6971830985915,93.54375,21.3537039245978,22.8038442860069,17.8437050952779,105,0.066578761691375,59.3000000000006,0,0,252.690979523108
600,5,2940,1260,700,700,490,210,92,608,0,4200,81.058552631579,74.0025761124122,97.7044198895028,20.9013127380191,22.4818128890749,17.1727295087327,141,0,33.5000000000002,1,2,257.628918812817
,,,,,,,,,,,,,,,,,,,,,,,
600,3,2940,1260,700,700,490,210,93.8,606.2,0,4200,79.2765292505496,72.9370421731309,94.7445553443413,21.2751786292932,22.7630641858438,17.6415684289415,104,0.013315752338275,46.5200000000004,0.2,0.4,212.931508976306
