method,scenario,n,deadline_rate_mean,deadline_rate_min,collisions_per_run,collision_free_pct,avg_speed_mean,throughput_mean,canceled_mean
custom,diverge_baseline,6,,,0.0,100.0,25.715270975484998,2496.0,0.0
default,diverge_baseline,30,,,,0.0,26.68752196090536,2745.4,0.1
v2,diverge,90,0.9888226785050308,0.9516129032258065,0.08888888888888889,91.11111111111111,22.085760246294356,2696.133333333333,8.533333333333333
v2,diverge_baseline,30,0.9864847037725909,0.9615384615384616,0.4666666666666667,66.66666666666666,20.552043886784322,2681.4,10.766666666666667
v2,merge,90,0.9956754244698681,0.97,0.2222222222222222,78.88888888888889,23.046460022453825,2729.0,3.0555555555555554
v2,straight_obs,25,,,0.04,96.0,23.84245279338868,2491.44,1.16
v2,weave,89,0.9430600944908605,0.44,0.23595505617977527,83.14606741573034,20.892254465385054,2296.3146067415732,74.47191011235955
v2,weave2,90,0.965726700881734,0.55,0.4888888888888889,65.55555555555556,19.28208510777733,2305.4666666666667,71.53333333333333
