simulation_time,seed,inflow_pass,inflow_exit,total_generated_vehicles,total_departed_vehicles,r_pass_departed_vehicles,r_exit_departed_vehicles,running_vehicles,exited_vehicles,canceled_vehicles,traffic volume,average_travel_time,average_r_pass_travel_time,average_r_exit_travel_time,average_speed,average_r_pass_speed,average_r_exit_speed,fairness_index,min_TTC,TET,total_collisions,total_vehicles_involved,max_tail_position
600,1,2520,1680,700,700,420,280,141,559,0,4200,93.5279069767442,71.7394594594595,136.18253968254,19.5972028246566,23.122101068044,12.69660837993,121,0,53.8000000000005,0,0,1255.05910630572
600,2,2520,1680,700,700,420,280,142,558,0,4200,95.1467741935484,72.7864498644987,138.802645502645,19.4862807233269,22.8215008612991,12.9746604539525,120,0,69.7000000000003,0,0,1269.83975423414
600,3,2520,1680,700,700,420,280,134,566,0,4200,93.9477031802121,71.1965333333333,138.616230366492,19.6718993030104,23.2717449814503,12.6041394631416,104,0.0550052451590509,59.2000000000006,0,0,1232.2789945192
600,4,2520,1680,700,700,420,280,141,559,0,4200,94.804114490161,72.4288828337875,137.5734375,19.3982739782619,22.9236484014613,12.659667658917,134,0,63.2000000000006,0,0,1244.56396564005
600,5,2520,1680,700,700,420,280,142,558,0,4200,93.1844086021505,71.8225543478261,134.558947368421,19.7602009958311,23.143820981205,13.206663339949,114,0,58.8000000000006,0,0,1314.8551356537
,,,,,,,,,,,,,,,,,,,,,,,
600,3,2520,1680,700,700,420,280,140,560,0,4200,94.1221814885632,71.994775967781,137.14676008402,19.5827715650174,23.0565632586919,12.828347859178,118.6,0.0110010490318102,60.9400000000005,0,0,1263.31939127056
